{
    "niter": 7451,
    "logz": -2.956976380620716,
    "logzerr": 0.2551860288321301,
    "logz_bs": -2.9399022346961994,
    "logz_single": -2.956976380620716,
    "logzerr_tail": 0.009927919670707386,
    "logzerr_bs": 0.254992834648593,
    "ess": 2216.2686765606722,
    "H": 11.079465610452385,
    "Herr": 0.13611046619399106,
    "posterior": {
        "mean": [
            0.4582904277947791,
            18.07225408222304,
            -1.8722912983759572
        ],
        "stdev": [
            0.15230834153653483,
            5.898857656032345,
            0.4001137679637985
        ],
        "median": [
            0.45416055427250157,
            18.23447640460948,
            -1.9045825114525776
        ],
        "errlo": [
            0.3206391012507801,
            12.93409133582324,
            -2.2620847085682945
        ],
        "errup": [
            0.5897492201217647,
            23.415344632814303,
            -1.495974917345607
        ],
        "information_gain_bits": [
            3.460837281688207,
            -1.4626587485678855,
            1.552426180763061
        ]
    },
    "maximum_likelihood": {
        "logl": 10.105875586044203,
        "point": [
            0.4519068562805053,
            18.324402169984992,
            -2.1981545304263683
        ],
        "point_untransformed": [
            0.5225953428140253,
            0.7290550271248124,
            0.7801845469573632
        ]
    },
    "ncall": 147747,
    "paramnames": [
        "A",
        "B",
        "$log(f)$"
    ],
    "logzerr_single": 0.16642915617802959,
    "insertion_order_MWW_test": {
        "independent_iterations": Infinity,
        "converged": true
    }
}